{"total_loss": 1.7105741500854492, "health_tips_accuracy": 0.8681427836418152, "nutrition_accuracy": 0.8033783435821533, "workout_accuracy": 0.039053019136190414}